"{81A147B4-0000-0000-0000-000000000001}",135000,"2024-02-14 00:00",M14 5TP,T,N,F,12,,BEECH STREET,RUSHOLME,MANCHESTER,MANCHESTER,GREATER MANCHESTER,A,A
"{81A147B4-0000-0000-0000-000000000002}",142500,"2024-03-21 00:00",M14 5TR,T,N,F,18,,BEECH STREET,RUSHOLME,MANCHESTER,MANCHESTER,GREATER MANCHESTER,A,A
"{81A147B4-0000-0000-0000-000000000003}",128000,"2024-01-09 00:00",M14 6AB,T,N,F,4,,DICKENSON ROAD,RUSHOLME,MANCHESTER,MANCHESTER,GREATER MANCHESTER,A,A
"{81A147B4-0000-0000-0000-000000000004}",151000,"2024-05-30 00:00",M14 5HJ,S,N,F,22,,DICKENSON ROAD,RUSHOLME,MANCHESTER,MANCHESTER,GREATER MANCHESTER,A,A
"{81A147B4-0000-0000-0000-000000000005}",99500,"2024-04-11 00:00",M14 6XY,F,N,L,"FLAT 2",45,WILMSLOW ROAD,RUSHOLME,MANCHESTER,MANCHESTER,GREATER MANCHESTER,A,A
"{81A147B4-0000-0000-0000-000000000006}",105000,"2024-06-02 00:00",M14 6XZ,F,N,L,"FLAT 4",45,WILMSLOW ROAD,RUSHOLME,MANCHESTER,MANCHESTER,GREATER MANCHESTER,A,A
"{81A147B4-0000-0000-0000-000000000007}",138750,"2024-07-18 00:00",M14 5TS,T,N,F,26,,BEECH STREET,RUSHOLME,MANCHESTER,MANCHESTER,GREATER MANCHESTER,A,A
"{81A147B4-0000-0000-0000-000000000008}",225000,"2024-02-27 00:00",B1 1AA,D,N,F,7,,PARK ROAD,,BIRMINGHAM,BIRMINGHAM,WEST MIDLANDS,A,A
"{81A147B4-0000-0000-0000-000000000009}",239000,"2024-08-05 00:00",B1 1AB,D,N,F,9,,PARK ROAD,,BIRMINGHAM,BIRMINGHAM,WEST MIDLANDS,A,A
"{81A147B4-0000-0000-0000-000000000010}",118000,"2024-03-03 00:00",M14 6AC,T,N,F,6,,DICKENSON ROAD,RUSHOLME,MANCHESTER,MANCHESTER,GREATER MANCHESTER,A,A
